id,ad,soyad,tc_kimlik,email,telefon,iban,adres,notlar
1,Selin,Aras,21844566782,selin.aras@example.com,05321234567,TR180006200119000006672315,İstanbul,Premium müşteri
2,Kerem,Yıldız,10033455621,kerem.yildiz@example.com,05061112233,TR750006200119000009992318,Ankara,Limit artırımı bekliyor
3,Naz,Demir,55678211904,naz.demir@example.com,05443334455,TR520006200119000002222110,İzmir,KVKK onayı alındı
4,Arda,Kaplan,44321098761,arda.kaplan@example.com,05005556677,TR330006200119000001110005,Bursa,Test kullanıcısı
5,Ela,Öztürk,99887766541,ela.ozturk@example.com,05551231212,TR990006200119000004560013,Antalya,Demo datası
